Name;Email;Adresse;Geburtsdatum
Rebecca Diaz;karinakramer@example.org;"5830 Cynthia Rest
Castanedaberg, IL 46522";1934-01-06
Andrew Neal;blakegardner@example.org;"513 Shelley Spurs
Clarkville, AZ 16763";1974-06-08
Tina Lopez;hpetersen@example.com;"0682 Parker Points Apt. 466
Terrystad, DC 62764";1977-03-25
Raymond Fletcher;jessewilson@example.org;"88524 Dudley Inlet Suite 862
New Robert, OH 85321";2003-11-11
Lisa Romero;scottgreen@example.org;"949 Williamson Hollow Apt. 098
Lake Sandra, MI 39919";1939-01-18
Jeremy Shaw;rmartin@example.net;"8926 Dawn Forks
North Jason, AS 50237";1996-01-30
William Leach;dgomez@example.net;"PSC 3546, Box 7746
APO AP 87887";1964-07-28
Ryan Wood;brandon44@example.net;"74828 Barnett Cape Apt. 739
Feliciamouth, GA 41524";1944-01-16
Luis Bernard;danielmoore@example.com;"161 Debra Ville Suite 358
North Mark, WY 34610";1949-11-09
Michael Olson;jamespetty@example.net;"Unit 9761 Box 6528
DPO AP 06502";1957-07-13
Jeffrey Reese;calvinshah@example.com;"1735 Byrd Valley Apt. 852
Kimberlyhaven, AR 63387";2004-02-15
Jacob Elliott;benderderrick@example.net;"2609 Cowan Crossroad Suite 245
Lake Patriciaview, MP 05942";1961-02-05
Crystal Hughes;jillianbrooks@example.net;"Unit 8450 Box 1116
DPO AE 86903";1965-09-19
Joshua Huerta;aturner@example.org;"1447 Kimberly Knolls Apt. 709
South Rebeccaville, VI 52225";1998-09-12
Christian Waters;izimmerman@example.net;"9148 David Green Suite 388
Lake Anthony, HI 65585";2006-09-27
Samantha Anderson;dustin05@example.com;"4287 Kelsey Mountains Suite 294
Lake Barbara, KS 64957";1943-06-01
Brianna Cruz;jacob21@example.net;"Unit 4065 Box 3902
DPO AP 72774";1996-05-22
Mrs. Cassandra Perkins DDS;torrescheryl@example.com;"78078 Todd Isle Apt. 065
South Cindytown, OR 34246";2005-12-10
James Olson;kenneth04@example.net;"677 Nichols Trail
Lloydville, AK 58770";1972-05-27
Anne Collins;wilsonronald@example.com;"USNS Perry
FPO AA 46656";1942-06-09
Donald Rodriguez;emejia@example.net;"97485 Timothy Estates Suite 439
Lake Ashley, VA 86022";1948-10-19
Joseph Barron;andrewslindsey@example.com;"543 Jackson Spurs
West Heather, GA 76393";1976-07-27
Troy Jennings;gbauer@example.org;"USNV Lopez
FPO AA 65426";1955-05-18
Kyle Jenkins;blairrebecca@example.org;"830 Cobb Skyway
Markstad, VT 71962";2004-01-19
Barbara Thompson MD;alan98@example.com;"748 Woods Drive Apt. 855
Lake Eileen, MD 03632";1939-06-10
Renee Fox;chernandez@example.com;"82969 Jones Dam
West Valerie, SC 91467";1978-12-06
Jeremy Gilbert;emily89@example.net;"327 Jones Lakes Apt. 002
Lake Christineport, MP 26816";1941-10-05
Kenneth Thomas;yeseniasharp@example.net;"PSC 2069, Box 2884
APO AE 03052";1999-06-23
Kathy Mendoza;martha96@example.com;"72484 Sampson Walk
Josephtown, OR 24948";1956-08-09
Richard Cruz;adam33@example.com;"112 Christian Park
South James, FM 03714";1978-04-20
Jordan Jackson;johnnywalker@example.net;"8419 Karen Key
Murphyville, NM 58223";1958-07-21
Marissa Jackson;scollins@example.org;"00591 Gonzales Fort
Port Cory, NC 71085";1979-03-03
Samuel Brown MD;markchan@example.net;"905 Gregg Alley Apt. 066
Kristenhaven, CT 70827";1953-07-21
Lisa Rogers;pattonheather@example.com;"68971 Barbara Ranch Suite 970
Charlesmouth, AZ 45159";1942-08-31
James Johnson;linda97@example.net;"672 Anna Ramp Suite 912
Harristown, PR 15669";1952-09-04
John Webb;kstewart@example.com;"82123 Jessica Vista
South Benjamin, PW 77108";1971-07-11
Christopher Daniels;ashleymelissa@example.com;"08344 Elizabeth Cape
Lake Katiebury, NM 08507";2003-06-27
Christine Brewer;kennethmann@example.org;"580 Tamara Mission Apt. 726
Port Lee, ID 88620";2004-04-24
Cody Andrews;ahill@example.org;"30385 Bell Ridge
Kylefurt, MI 76470";1946-08-30
Carolyn Ellison;gmcdowell@example.org;"USNV Villarreal
FPO AP 97127";1965-11-22
Jason Bryant;billy87@example.net;"67099 Hamilton Extension
Port Jasmine, OH 57690";1968-10-10
Amanda Wilson;rpope@example.com;"7418 Deborah Circle Apt. 244
Walkertown, AZ 01465";1935-08-21
Robert Whitaker;josephmills@example.org;"216 Gibbs Flat Apt. 487
West Joshua, SD 02094";2000-04-07
Daniel Davis;jowens@example.org;"2624 Caitlin Flats
Joneshaven, OH 93690";1992-12-15
Scott Johnson;ufrench@example.com;"12041 Nguyen Locks Suite 358
South Lauraport, AL 04053";1946-02-14
Samuel Estrada;jwilson@example.org;"3970 Stacy Hollow Apt. 462
Maldonadoside, OK 58718";1950-05-30
Mr. Micheal Arnold DDS;murphytiffany@example.org;"66131 Ferrell Knoll Suite 985
Taylorchester, MD 28389";1983-09-17
Javier Stout;sarah43@example.com;"8127 Megan Rest
South Kellyhaven, CT 83848";1963-04-25
Doris Robinson;calexander@example.org;"48316 Fields Squares
South Robin, PA 12277";1955-06-08
Frank Bartlett;moodygrace@example.org;"Unit 6815 Box 3865
DPO AE 76460";2004-10-22
Peter Wolfe;jennifer27@example.org;"56515 Jonathan Tunnel
Brianberg, OR 60325";1989-11-20
Steven Marsh;delacruzjames@example.org;"99620 Laura Passage
Lake Crystalshire, NC 69333";1965-09-08
Donna Williams;harrisheather@example.com;"14436 Steven Junction Suite 701
West Johnland, CO 77038";1987-12-30
Sophia Cantrell;nfrench@example.net;"22650 Carl Summit
Shafferberg, AL 72664";1990-06-10
Lawrence Owens;steven82@example.com;"20854 Kathleen Circles
Mariabury, UT 47389";1998-11-27
Laura Fleming;traci04@example.com;"USS Sanchez
FPO AE 52732";1973-12-23
Veronica Flores;carolynlittle@example.org;"070 Serrano Walks Apt. 575
Brownfort, RI 76590";2001-04-24
Angela Price;christinecook@example.com;"87527 Daniel Place Suite 361
Albertshire, KY 44750";1968-03-11
Howard Gonzalez;amyramirez@example.com;"9297 Clifford Lane
Andreaborough, NH 83979";1965-03-08
Casey Walker;kimallen@example.org;"158 Mary Expressway
Heatherton, MN 25120";1945-10-23
Elizabeth Gallegos;rubiomarc@example.org;"079 Williams Terrace Suite 492
Christinachester, MS 56896";1952-12-07
Robert Montgomery;mcguirewendy@example.net;"0371 Rosales Orchard Apt. 338
New Brandy, WI 86876";1941-03-28
Joseph Reed;joel76@example.com;"303 Michele Meadow
Josephburgh, OR 91650";1961-01-18
Jessica Galvan;villarrealheidi@example.org;"990 Mary Lane
Heatherport, RI 31577";2000-02-04
Michael Ward;ibrown@example.com;"519 Carson Lock
Gonzalezberg, SC 45397";1935-12-10
Matthew Mays;ricardomoore@example.net;"Unit 1869 Box 9509
DPO AE 12203";1963-06-30
Jessica Mullins;lmiller@example.net;"USCGC Salinas
FPO AP 74622";1976-11-12
Margaret Yates;usmith@example.net;"637 Johnson Rapid Apt. 879
New Patrickburgh, SD 84924";1977-03-05
Elizabeth Owen;jenniferfleming@example.net;"40354 Spence Path Apt. 535
Port Donald, FL 14192";2000-03-28
Christopher Payne;johnsonrobert@example.net;"52291 Joshua Parkways
North Alexandermouth, KS 99200";1940-07-29
Steven Graham;jasmine27@example.net;"21363 Harris Park Apt. 971
North Tammyfurt, OK 64819";1969-09-25
Eric Vazquez;davisshawn@example.org;"81926 Collins Parkways Apt. 277
Charlesberg, WI 60376";1992-11-20
Christopher Bryan;richardholmes@example.com;"4001 Choi Forest
West Manuel, AR 27855";1977-10-08
Melissa Duran;daltonalexander@example.com;"18366 Jerry Port
South Theresa, TX 59053";1980-10-20
James Lewis;harmonerin@example.com;"262 Whitney Way
Michaelville, MD 93578";1959-05-09
Michael Kelly;craigprince@example.com;"7974 Foster Junctions
Port George, AZ 19794";1980-02-26
Natalie Williams;gonzalezscott@example.net;"51072 Zimmerman Fords
West Christopher, NH 88334";1952-02-03
Michael Flores;ellenrobertson@example.net;"80912 Weber Fords Suite 332
Rogersport, NY 12814";1973-09-12
Mandy Martinez;ocochran@example.com;"71206 Alicia Glen Apt. 143
North Kristenstad, WA 58241";1990-11-14
Jessica Gibson;jonathan42@example.com;"04627 Bowers Points Suite 527
Nicoleshire, ME 94716";1945-12-19
Erin Stephens;hadkins@example.org;"558 Rose Union Apt. 796
Kristenchester, MN 12546";2004-12-05
William Washington;woodsmark@example.org;"33949 Ritter Tunnel Suite 805
Spencerbury, WI 69880";1994-09-28
Dustin Willis;brandonking@example.com;"08099 Jennifer Viaduct Suite 005
South Michellebury, KS 54945";2000-12-20
Reginald Richards;sanderscynthia@example.com;"495 Jessica Mount Apt. 453
East Jasonbury, KY 63755";1954-06-03
Mark Cross;grahamvictoria@example.org;"83125 Weaver Ways
Port Jonathanhaven, TN 88054";1960-01-18
Kimberly Jones;freemanjohn@example.net;"54042 Levi Throughway Suite 588
New Kristinamouth, MS 32864";2001-07-20
Stephanie Lyons;traceylong@example.org;"9603 Danny Corners Apt. 845
Lake Marioview, WI 91278";1951-09-16
Jordan Moore;cody57@example.org;"2334 Dana Drive
West Monicamouth, NC 66965";1988-04-25
Daniel Nichols;andreamaldonado@example.com;"58487 Nicholas Pines
Nicholeside, GA 39040";2005-11-27
Michelle Morris;ithomas@example.net;"Unit 4584 Box 9308
DPO AA 17007";1949-10-23
Brandon Mcclain;sanchezmicheal@example.net;"78876 Hannah Camp
Lake Elizabeth, WI 06872";1943-06-18
Samantha Weaver;bartontiffany@example.org;"24072 Davis Spurs
Butlerborough, NE 28896";1993-03-25
Marcia Carson;nataliefletcher@example.net;"488 Hernandez Knolls Suite 544
Longstad, NM 72307";1963-12-04
Emily Maldonado;smithdavid@example.com;"2696 Bailey Mountains
Jordanfurt, DE 65600";1934-10-27
Catherine Hughes;dustin62@example.net;"849 Hughes Forks Suite 435
Meganton, CA 81846";1987-04-15
Jennifer Miller;fmiller@example.net;"511 Duke Fork
Andradeside, IN 00765";1962-05-16
Alexis Smith;james80@example.net;"40821 Craig Shoals Suite 069
East Scottbury, NV 71149";1949-02-03
Luke Fitzgerald;ccantrell@example.com;"17891 Parker Harbor
North Thomas, NJ 04246";1990-11-02
David Peters;russellalbert@example.org;"294 Smith Corners Apt. 739
East Derekberg, CO 64797";1954-06-19
James Paul;pthompson@example.org;"364 Aguirre Key
New Kellieburgh, NH 61014";1993-10-26
